{"_id":"6724c4aa055ce33014fed6e9","id":"momodawoud/sd3.5_generated_hard_examples","author":"momodawoud","sha":"7fa5e8cae96e2a9b6ec00597aaf27563ffb4c065","lastModified":"2024-11-01T12:15:35.000Z","private":false,"gated":false,"disabled":false,"tags":["size_categories:n<1K","format:imagefolder","modality:image","library:datasets","library:mlcroissant","region:us"],"downloads":25,"likes":0,"siblings":[{"rfilename":".gitattributes"},{"rfilename":"000000.png"},{"rfilename":"000001.png"},{"rfilename":"000002.png"},{"rfilename":"000003.png"},{"rfilename":"000004.png"},{"rfilename":"000005.png"},{"rfilename":"000006.png"},{"rfilename":"000007.png"},{"rfilename":"000008.png"},{"rfilename":"000009.png"},{"rfilename":"000010.png"},{"rfilename":"000011.png"},{"rfilename":"000012.png"},{"rfilename":"000013.png"},{"rfilename":"000014.png"},{"rfilename":"000015.png"},{"rfilename":"000016.png"},{"rfilename":"000017.png"},{"rfilename":"000018.png"},{"rfilename":"000019.png"},{"rfilename":"000020.png"},{"rfilename":"000021.png"},{"rfilename":"000022.png"},{"rfilename":"000023.png"},{"rfilename":"000024.png"},{"rfilename":"000025.png"},{"rfilename":"000026.png"},{"rfilename":"000027.png"},{"rfilename":"000028.png"},{"rfilename":"000029.png"},{"rfilename":"000030.png"},{"rfilename":"000031.png"},{"rfilename":"000032.png"},{"rfilename":"000033.png"},{"rfilename":"000034.png"},{"rfilename":"000035.png"},{"rfilename":"000036.png"},{"rfilename":"000037.png"},{"rfilename":"dalle_generated_hard_examples"}],"createdAt":"2024-11-01T12:08:10.000Z","usedStorage":129818421}