[
    {
        "id": "text-embed-cache",
        "dataset_type": "text_embeds",
        "default": true,
        "type": "local",
        "cache_dir": "/app/deep-e-python/cache/sd3/text",
        "write_batch_size": 128
    },
    {
        "id": "2acc9969-5cfc-4a1f-bc26-7e1b7e69ef78-1024",
        "type": "local",
        "instance_data_dir": "/app/datasets/prod/1001/ee3e199d-1b2a-46ee-967c-0614c2c2edd7/images",
        "crop": false,
        "resolution_type": "pixel_area",
        "metadata_backend": "discovery",
        "caption_strategy": "textfile",
        "cache_dir_vae": "/app/deep-e-python/cache/sd3/vae/1024",
        "resolution": 1024,
        "minimum_image_size": 768,
        "repeats": 10
    },
    {
        "id": "2acc9969-5cfc-4a1f-bc26-7e1b7e69ef78-crop-1024",
        "type": "local",
        "instance_data_dir": "/app/datasets/prod/1001/ee3e199d-1b2a-46ee-967c-0614c2c2edd7/images",
        "crop": true,
        "crop_aspect": "square",
        "crop_style": "center",
        "vae_cache_clear_each_epoch": false,
        "resolution_type": "pixel_area",
        "metadata_backend": "discovery",
        "caption_strategy": "textfile",
        "cache_dir_vae": "/app/deep-e-python/cache/sd3/vae-crop/1024",
        "resolution": 1024,
        "minimum_image_size": 768,
        "repeats": 10
    }
]