[
    {
        "id": "text-embed-cache",
        "dataset_type": "text_embeds",
        "default": true,
        "type": "local",
        "cache_dir": "./test_cache/3",
        "write_batch_size": 128
    },
    {
        "id": "my-dataset-1024",
        "type": "local",
        "instance_data_dir": "datasets/sd3.5_generated_hard_examples",
        "crop": false,
        "resolution_type": "pixel_area",
        "metadata_backend": "discovery",
        "caption_strategy": "textfile",
        "cache_dir_vae": "./test_cache/2",
        "resolution": 1024,
        "minimum_image_size": 768,
        "repeats": 10
    },
    {
        "id": "my-dataset-crop-1024",
        "type": "local",
        "instance_data_dir": "datasets/sd3.5_generated_hard_examples",
        "crop": true,
        "crop_aspect": "square",
        "crop_style": "center",
        "vae_cache_clear_each_epoch": false,
        "resolution_type": "pixel_area",
        "metadata_backend": "discovery",
        "caption_strategy": "textfile",
        "cache_dir_vae": "./test_cache/1",
        "resolution": 1024,
        "minimum_image_size": 768,
        "repeats": 10
    }
]